Site,Produt,SerialNumber,Special Build Name,Special Build Description,Unit Number,Station ID,Test Pass/Fail Status,StartTime,EndTime,Version,List of Failing Tests,FW_Version,Covarage_Ver,Flow_Ver,Execute_Failure,UNIT_OUT_OF_PROCESS,TestTime,NEP_PASS,IQ_FIXED_ATTEN_2,IQ_FIXED_ATTEN_5,IQ_FIXED_ATTEN_6,IQ_ATTEN_2412,IQ_ATTEN_2437,IQ_ATTEN_2472,IQ_ATTEN_5180,IQ_ATTEN_5260,IQ_ATTEN_5320,IQ_ATTEN_5500,IQ_ATTEN_5600,IQ_ATTEN_5700,IQ_ATTEN_5825,IQ_ATTEN_5955,IQ_ATTEN_6195,IQ_ATTEN_6355,IQ_ATTEN_6515,IQ_ATTEN_6755,IQ_ATTEN_6895,IQ_ATTEN_7115,WIFI_TX-2412-OFDM-54M-14_Power,WIFI_TX-2412-OFDM-54M-14_EVM,WIFI_TX-2412-OFDM-54M-14_FreqErr,WIFI_TX-2412-OFDM-54M-14_Mask,WIFI_TX-2442-OFDM-54M-14_Power,WIFI_TX-2442-OFDM-54M-14_EVM,WIFI_TX-2442-OFDM-54M-14_FreqErr,WIFI_TX-2442-OFDM-54M-14_Mask,WIFI_TX-2472-OFDM-54M-14_Power,WIFI_TX-2472-OFDM-54M-14_EVM,WIFI_TX-2472-OFDM-54M-14_FreqErr,WIFI_TX-2472-OFDM-54M-14_Mask,WIFI_TX-2412-HT20_MCS7-13_Power,WIFI_TX-2412-HT20_MCS7-13_EVM,WIFI_TX-2412-HT20_MCS7-13_FreqErr,WIFI_TX-2412-HT20_MCS7-13_Mask,WIFI_TX-2442-HT20_MCS7-13_Power,WIFI_TX-2442-HT20_MCS7-13_EVM,WIFI_TX-2442-HT20_MCS7-13_FreqErr,WIFI_TX-2442-HT20_MCS7-13_Mask,WIFI_TX-2472-HT20_MCS7-13_Power,WIFI_TX-2472-HT20_MCS7-13_EVM,WIFI_TX-2472-HT20_MCS7-13_FreqErr,WIFI_TX-2472-HT20_MCS7-13_Mask,WIFI_RX-2412-HT20_MCS7--75_PER,WIFI_RX-2442-HT20_MCS7--75_PER,WIFI_RX-2472-HT20_MCS7--75_PER,WIFI_RX_SWEEP-2412-HT20_MCS7--70_SEN,WIFI_RX_SWEEP-2442-HT20_MCS7--70_SEN,WIFI_RX_SWEEP-2472-HT20_MCS7--70_SEN,WIFI_TX-5180-HT20_MCS7-12_Power,WIFI_TX-5180-HT20_MCS7-12_EVM,WIFI_TX-5180-HT20_MCS7-12_FreqErr,WIFI_TX-5180-HT20_MCS7-12_Mask,WIFI_TX-5260-HT20_MCS7-12_Power,WIFI_TX-5260-HT20_MCS7-12_EVM,WIFI_TX-5260-HT20_MCS7-12_FreqErr,WIFI_TX-5260-HT20_MCS7-12_Mask,WIFI_TX-5320-HT20_MCS7-12_Power,WIFI_TX-5320-HT20_MCS7-12_EVM,WIFI_TX-5320-HT20_MCS7-12_FreqErr,WIFI_TX-5320-HT20_MCS7-12_Mask,WIFI_TX-5500-HT20_MCS7-12_Power,WIFI_TX-5500-HT20_MCS7-12_EVM,WIFI_TX-5500-HT20_MCS7-12_FreqErr,WIFI_TX-5500-HT20_MCS7-12_Mask,WIFI_TX-5580-HT20_MCS7-12_Power,WIFI_TX-5580-HT20_MCS7-12_EVM,WIFI_TX-5580-HT20_MCS7-12_FreqErr,WIFI_TX-5580-HT20_MCS7-12_Mask,WIFI_TX-5600-HT20_MCS7-12_Power,WIFI_TX-5600-HT20_MCS7-12_EVM,WIFI_TX-5600-HT20_MCS7-12_FreqErr,WIFI_TX-5600-HT20_MCS7-12_Mask,WIFI_TX-5660-HT20_MCS7-12_Power,WIFI_TX-5660-HT20_MCS7-12_EVM,WIFI_TX-5660-HT20_MCS7-12_FreqErr,WIFI_TX-5660-HT20_MCS7-12_Mask,WIFI_TX-5700-HT20_MCS7-12_Power,WIFI_TX-5700-HT20_MCS7-12_EVM,WIFI_TX-5700-HT20_MCS7-12_FreqErr,WIFI_TX-5700-HT20_MCS7-12_Mask,WIFI_TX-5745-HT20_MCS7-12_Power,WIFI_TX-5745-HT20_MCS7-12_EVM,WIFI_TX-5745-HT20_MCS7-12_FreqErr,WIFI_TX-5745-HT20_MCS7-12_Mask,WIFI_TX-5785-HT20_MCS7-12_Power,WIFI_TX-5785-HT20_MCS7-12_EVM,WIFI_TX-5785-HT20_MCS7-12_FreqErr,WIFI_TX-5785-HT20_MCS7-12_Mask,WIFI_TX-5825-HT20_MCS7-12_Power,WIFI_TX-5825-HT20_MCS7-12_EVM,WIFI_TX-5825-HT20_MCS7-12_FreqErr,WIFI_TX-5825-HT20_MCS7-12_Mask,WIFI_RX-5180-HT20_MCS7--73_PER,WIFI_RX-5260-HT20_MCS7--73_PER,WIFI_RX-5320-HT20_MCS7--73_PER,WIFI_RX-5500-HT20_MCS7--73_PER,WIFI_RX-5580-HT20_MCS7--73_PER,WIFI_RX-5600-HT20_MCS7--73_PER,WIFI_RX-5660-HT20_MCS7--73_PER,WIFI_RX-5700-HT20_MCS7--73_PER,WIFI_RX-5745-HT20_MCS7--73_PER,WIFI_RX-5785-HT20_MCS7--73_PER,WIFI_RX-5825-HT20_MCS7--73_PER,WIFI_RX_SWEEP-5180-HT20_MCS7--70_SEN,WIFI_RX_SWEEP-5500-HT20_MCS7--70_SEN,WIFI_RX_SWEEP-5825-HT20_MCS7--70_SEN,WIFI_TX-2412-CCK-11M-17_Power,WIFI_TX-2412-CCK-11M-17_EVM,WIFI_TX-2412-CCK-11M-17_FreqErr,WIFI_TX-2412-CCK-11M-17_Mask,WIFI_TX-2442-CCK-11M-17_Power,WIFI_TX-2442-CCK-11M-17_EVM,WIFI_TX-2442-CCK-11M-17_FreqErr,WIFI_TX-2442-CCK-11M-17_Mask,WIFI_TX-2472-CCK-11M-17_Power,WIFI_TX-2472-CCK-11M-17_EVM,WIFI_TX-2472-CCK-11M-17_FreqErr,WIFI_TX-2472-CCK-11M-17_Mask,WIFI_RX-2412-CCK-11M--90_PER,WIFI_RX-2442-CCK-11M--90_PER,WIFI_RX-2472-CCK-11M--90_PER,WIFI_RX_SWEEP-2442-CCK-11M--70_SEN,BT_TX-2402-1DH5-19_Power,BT_TX-2402-1DH5-19_FreqErr,BT_TX-2402-1DH5-19_DELTAF2AVG,BT_TX-2402-1DH5-19_DELTAF2MAX,BT_TX-2402-1DH5-19_DELTAF1AVG,BT_TX-2402-1DH5-19_DELTAF2F1AVG,BT_TX-2440-1DH5-19_Power,BT_TX-2440-1DH5-19_FreqErr,BT_TX-2440-1DH5-19_DELTAF2AVG,BT_TX-2440-1DH5-19_DELTAF2MAX,BT_TX-2440-1DH5-19_DELTAF1AVG,BT_TX-2440-1DH5-19_DELTAF2F1AVG,BT_TX-2480-1DH5-19_Power,BT_TX-2480-1DH5-19_FreqErr,BT_TX-2480-1DH5-19_DELTAF2AVG,BT_TX-2480-1DH5-19_DELTAF2MAX,BT_TX-2480-1DH5-19_DELTAF1AVG,BT_TX-2480-1DH5-19_DELTAF2F1AVG,BT_TX-2402-2DH5-19_Power,BT_TX-2402-2DH5-19_FreqErr,BT_TX-2402-2DH5-19_DEVMAVG,BT_TX-2402-2DH5-19_DEVMPEAK,BT_TX-2402-2DH5-19_DEVM99,BT_TX-2402-2DH5-19_OMGI,BT_TX-2402-2DH5-19_OMGO,BT_TX-2402-2DH5-19_OMGIO,BT_TX-2402-2DH5-19_DIFFPOWER,BT_TX-2440-2DH5-19_Power,BT_TX-2440-2DH5-19_FreqErr,BT_TX-2440-2DH5-19_DEVMAVG,BT_TX-2440-2DH5-19_DEVMPEAK,BT_TX-2440-2DH5-19_DEVM99,BT_TX-2440-2DH5-19_OMGI,BT_TX-2440-2DH5-19_OMGO,BT_TX-2440-2DH5-19_OMGIO,BT_TX-2440-2DH5-19_DIFFPOWER,BT_TX-2480-2DH5-19_Power,BT_TX-2480-2DH5-19_FreqErr,BT_TX-2480-2DH5-19_DEVMAVG,BT_TX-2480-2DH5-19_DEVMPEAK,BT_TX-2480-2DH5-19_DEVM99,BT_TX-2480-2DH5-19_OMGI,BT_TX-2480-2DH5-19_OMGO,BT_TX-2480-2DH5-19_OMGIO,BT_TX-2480-2DH5-19_DIFFPOWER,BT_TX-2402-3DH5-19_Power,BT_TX-2402-3DH5-19_FreqErr,BT_TX-2402-3DH5-19_DEVMAVG,BT_TX-2402-3DH5-19_DEVMPEAK,BT_TX-2402-3DH5-19_DEVM99,BT_TX-2402-3DH5-19_OMGI,BT_TX-2402-3DH5-19_OMGO,BT_TX-2402-3DH5-19_OMGIO,BT_TX-2402-3DH5-19_DIFFPOWER,BT_TX-2440-3DH5-19_Power,BT_TX-2440-3DH5-19_FreqErr,BT_TX-2440-3DH5-19_DEVMAVG,BT_TX-2440-3DH5-19_DEVMPEAK,BT_TX-2440-3DH5-19_DEVM99,BT_TX-2440-3DH5-19_OMGI,BT_TX-2440-3DH5-19_OMGO,BT_TX-2440-3DH5-19_OMGIO,BT_TX-2440-3DH5-19_DIFFPOWER,BT_TX-2480-3DH5-19_Power,BT_TX-2480-3DH5-19_FreqErr,BT_TX-2480-3DH5-19_DEVMAVG,BT_TX-2480-3DH5-19_DEVMPEAK,BT_TX-2480-3DH5-19_DEVM99,BT_TX-2480-3DH5-19_OMGI,BT_TX-2480-3DH5-19_OMGO,BT_TX-2480-3DH5-19_OMGIO,BT_TX-2480-3DH5-19_DIFFPOWER,BT_TX-2402-1LE-20_Power,BT_TX-2402-1LE-20_FreqErr,BT_TX-2402-1LE-20_DELTAF2AVG,BT_TX-2402-1LE-20_DELTAF2MAX,BT_TX-2402-1LE-20_DELTAF0FNMAX,BT_TX-2402-1LE-20_DELTAF1F0,BT_TX-2402-1LE-20_DELTAFNMAX,BT_TX-2402-1LE-20_DELTAFNFN5MAX,BT_TX-2402-1LE-20_DELTAF1AVG,BT_TX-2402-1LE-20_DELTAF2F1AVG,BT_TX-2440-1LE-20_Power,BT_TX-2440-1LE-20_FreqErr,BT_TX-2440-1LE-20_DELTAF2AVG,BT_TX-2440-1LE-20_DELTAF2MAX,BT_TX-2440-1LE-20_DELTAF0FNMAX,BT_TX-2440-1LE-20_DELTAF1F0,BT_TX-2440-1LE-20_DELTAFNMAX,BT_TX-2440-1LE-20_DELTAFNFN5MAX,BT_TX-2440-1LE-20_DELTAF1AVG,BT_TX-2440-1LE-20_DELTAF2F1AVG,BT_TX-2480-1LE-20_Power,BT_TX-2480-1LE-20_FreqErr,BT_TX-2480-1LE-20_DELTAF2AVG,BT_TX-2480-1LE-20_DELTAF2MAX,BT_TX-2480-1LE-20_DELTAF0FNMAX,BT_TX-2480-1LE-20_DELTAF1F0,BT_TX-2480-1LE-20_DELTAFNMAX,BT_TX-2480-1LE-20_DELTAFNFN5MAX,BT_TX-2480-1LE-20_DELTAF1AVG,BT_TX-2480-1LE-20_DELTAF2F1AVG,BT_TX-2402-2LE-20_Power,BT_TX-2402-2LE-20_FreqErr,BT_TX-2402-2LE-20_DELTAF2AVG,BT_TX-2402-2LE-20_DELTAF2MAX,BT_TX-2402-2LE-20_DELTAF0FNMAX,BT_TX-2402-2LE-20_DELTAF1F0,BT_TX-2402-2LE-20_DELTAFNMAX,BT_TX-2402-2LE-20_DELTAFNFN5MAX,BT_TX-2402-2LE-20_DELTAF1AVG,BT_TX-2402-2LE-20_DELTAF2F1AVG,BT_TX-2440-2LE-20_Power,BT_TX-2440-2LE-20_FreqErr,BT_TX-2440-2LE-20_DELTAF2AVG,BT_TX-2440-2LE-20_DELTAF2MAX,BT_TX-2440-2LE-20_DELTAF0FNMAX,BT_TX-2440-2LE-20_DELTAF1F0,BT_TX-2440-2LE-20_DELTAFNMAX,BT_TX-2440-2LE-20_DELTAFNFN5MAX,BT_TX-2440-2LE-20_DELTAF1AVG,BT_TX-2440-2LE-20_DELTAF2F1AVG,BT_TX-2480-2LE-20_Power,BT_TX-2480-2LE-20_FreqErr,BT_TX-2480-2LE-20_DELTAF2AVG,BT_TX-2480-2LE-20_DELTAF2MAX,BT_TX-2480-2LE-20_DELTAF0FNMAX,BT_TX-2480-2LE-20_DELTAF1F0,BT_TX-2480-2LE-20_DELTAFNMAX,BT_TX-2480-2LE-20_DELTAFNFN5MAX,BT_TX-2480-2LE-20_DELTAF1AVG,BT_TX-2480-2LE-20_DELTAF2F1AVG,BT_RX-2402-3DH5--70_BER,BT_RX-2440-3DH5--70_BER,BT_RX-2480-3DH5--70_BER,BT_RX_SWEEP-2440-3DH5--70_SEN
Upper Limit ----->,,,,,,,,,,,,,,,,,,,,,,,,,,,,,,,,,,,,,,,16,-25,150,5,16,-25,150,5,16,-25,150,5,15,-28,150,5,15,-28,150,5,15,-28,150,5,10,10,10,-70,-70,-70,14,-28,150,5,14,-28,150,5,14,-28,150,5,14,-28,150,5,14,-28,150,5,14,-28,150,5,14,-28,150,5,14,-28,150,5,14,-28,150,5,14,-28,150,5,14,-28,150,5,10,10,10,10,10,10,10,10,10,10,10,-70,-70,-70,19,0,150,5,19,0,150,5,19,0,150,5,10,10,10,-70,30,75,275,275,275,1.1,30,75,275,275,275,1.1,30,75,275,275,275,1.1,30,150,20,35,100,75,75,75,1,30,150,20,35,100,75,75,75,1,30,150,20,35,100,75,75,75,1,30,150,20,35,100,75,75,75,1,30,150,20,35,100,75,75,75,1,30,150,20,35,100,75,75,75,1,30,150,275,275,50,23,150,20,275,1.1,30,150,275,275,50,23,150,20,275,1.1,30,150,275,275,50,23,150,20,275,1.1,30,150,550,550,50,23,150,20,550,1.1,30,150,550,550,50,23,150,20,550,1.1,30,150,550,550,50,23,150,20,550,1.1,50,50,50,-70
Lower Limit ----->,,,,,,,,,,,,,,,,,,,,,,,,,,,,,,,,,,,,,,,12,-80,-150,0,12,-80,-150,0,12,-80,-150,0,11,-80,-150,0,11,-80,-150,0,11,-80,-150,0,0,0,0,NA,NA,NA,10,-80,-150,0,10,-80,-150,0,10,-80,-150,0,10,-80,-150,0,10,-80,-150,0,10,-80,-150,0,10,-80,-150,0,10,-80,-150,0,10,-80,-150,0,10,-80,-150,0,10,-80,-150,0,0,0,0,0,0,0,0,0,0,0,0,NA,NA,NA,15,-80,-150,0,15,-80,-150,0,15,-80,-150,0,0,0,0,NA,10,-75,115,115,140,0.8,10,-75,115,115,140,0.8,10,-75,115,115,140,0.8,10,-150,0,0,99,-75,-75,-75,-4,10,-150,0,0,99,-75,-75,-75,-4,10,-150,0,0,99,-75,-75,-75,-4,10,-150,0,0,99,-75,-75,-75,-4,10,-150,0,0,99,-75,-75,-75,-4,10,-150,0,0,99,-75,-75,-75,-4,10,-150,185,185,0,0,-150,0,225,0.8,10,-150,185,185,0,0,-150,0,225,0.8,10,-150,185,185,0,0,-150,0,225,0.8,10,-150,370,370,0,0,-150,0,450,0.8,10,-150,370,370,0,0,-150,0,450,0.8,10,-150,370,370,0,0,-150,0,450,0.8,0,0,0,NA
Measurement Unit ----->,,,,,,,,,,,,,,,,,,,dB,dB,dB,dB,dB,dB,dB,dB,dB,dB,dB,dB,dB,dB,dB,dB,dB,dB,dB,dB,dBm,dB,ppm,%,dBm,dB,ppm,%,dBm,dB,ppm,%,dBm,dB,ppm,%,dBm,dB,ppm,%,dBm,dB,ppm,%,%,%,%,dBm,dBm,dBm,dBm,dB,ppm,%,dBm,dB,ppm,%,dBm,dB,ppm,%,dBm,dB,ppm,%,dBm,dB,ppm,%,dBm,dB,ppm,%,dBm,dB,ppm,%,dBm,dB,ppm,%,dBm,dB,ppm,%,dBm,dB,ppm,%,dBm,dB,ppm,%,%,%,%,%,%,%,%,%,%,%,%,dBm,dBm,dBm,dBm,dB,ppm,%,dBm,dB,ppm,%,dBm,dB,ppm,%,%,%,%,dBm,dBm,kHz,kHz,kHz,kHz,NA,dBm,kHz,kHz,kHz,kHz,NA,dBm,kHz,kHz,kHz,kHz,NA,dBm,kHz,%,%,%,kHz,kHz,kHz,dB,dBm,kHz,%,%,%,kHz,kHz,kHz,dB,dBm,kHz,%,%,%,kHz,kHz,kHz,dB,dBm,kHz,%,%,%,kHz,kHz,kHz,dB,dBm,kHz,%,%,%,kHz,kHz,kHz,dB,dBm,kHz,%,%,%,kHz,kHz,kHz,dB,dBm,kHz,kHz,kHz,kHz,kHz,kHz,kHz,kHz,NA,dBm,kHz,kHz,kHz,kHz,kHz,kHz,kHz,kHz,NA,dBm,kHz,kHz,kHz,kHz,kHz,kHz,kHz,kHz,NA,dBm,kHz,kHz,kHz,kHz,kHz,kHz,kHz,kHz,NA,dBm,kHz,kHz,kHz,kHz,kHz,kHz,kHz,kHz,NA,dBm,kHz,kHz,kHz,kHz,kHz,kHz,kHz,kHz,NA,%,%,%,dBm
ITJS,T11,KYW25CD00360006Z,Pre_Proto_1,T01a-Awa,,ITJS-D24F-SMT01-CWB-01,Pass,12/17/2025 4:36:01 PM,12/17/2025 4:38:32 PM,V1.0.3.7,,,V0.0.0,V0.0.0,,,,,0.3,0.5,0.5,7.66,7.67,7.7,8.47,8.43,8.49,8.6,8.56,8.39,8.41,8.32,8.32,8.37,8.36,8.89,8.77,8.91,14.69,-35.12,-3.66,0,13.89,-37.35,-3.68,0,14.14,-37.87,-3.7,0,14.23,-36.15,-3.72,0,13.31,-37.32,-3.74,0,13.55,-38.21,-3.76,0,0,0,0.2,-75,-75,-74,13.71,-26.54,-3.8,2.41,13.19,-33.48,-3.81,0,12.22,-34.71,-3.83,0,12.7,-33.6,-3.84,0,12.72,-32.58,-3.85,0,13.01,-22.93,-3.87,0,12.84,-29.68,-3.88,0,12.62,-31.23,-3.89,0,12.67,-30.58,-3.9,0,12.68,-27.37,-3.91,0,11.95,-33.3,-3.92,0,0.2,0,0.2,0.4,0.2,0.2,0.2,0.4,0.4,0.6,0.2,-72,-72,-72,17.6,-21.58,-3.88,0,16.81,-21.74,-3.9,0,16.89,-21.38,-3.92,0,0.5,0,0,-90,20.32,-17.6,145.1,131.31,158.3,0.92,19.97,-14.88,142.78,132.83,159.91,0.89,19.51,-12.58,142.58,138.14,159.22,0.9,16.17,-7.75,1.88,4.52,100,-7.84,-1.49,-9.33,0.07,15.92,-11.47,2.18,5.57,100,-8.37,-1.18,-9.55,0.07,15.83,-11.86,1.76,4.62,100,-9.77,0.29,-9.7,0.08,16.09,-7.11,0.62,2.26,100,-8.43,-1,-9.42,0.05,15.87,-10.51,0.68,4.44,100,-9.35,-0.21,-9.56,0.06,15.78,-12.31,0.7,5.25,100,-10.04,0.48,-9.75,0.06,20.04,-9.44,223.66,218.65,0.92,0.97,9.69,0.3,251.1,0.89,19.7,-9.21,223.57,219.25,0.68,0.31,9.93,0.63,248.8,0.9,19.25,-8.58,223.7,218.48,0.94,0.43,10.21,0.54,250.17,0.89,20.16,-11.7,430.81,407.72,3.87,3.7,9.74,0.4,499.59,0.86,19.83,-8.86,432.09,420.03,1.16,0.64,9.99,0.8,498.18,0.87,19.38,-7.49,431.14,422.46,1.4,0.68,10.22,0.76,498.64,0.86,0,0,0,-73
ITJS,T11,KYW25CD00360006V,Pre_Proto_1,T01a-Awa,,ITJS-D24F-SMT01-CWB-02,Pass,12/17/2025 4:40:05 PM,12/17/2025 4:42:45 PM,V1.0.3.7,,,V0.0.0,V0.0.0,,,,,0.3,0.5,0.5,7.66,7.67,7.7,8.47,8.43,8.49,8.6,8.56,8.39,8.41,8.32,8.32,8.37,8.36,8.89,8.77,8.91,14.62,-35.41,-3.72,0,13.84,-33.81,-3.75,0,13.8,-36.73,-3.77,0,14.05,-25.48,-3.78,0,13.31,-25.74,-3.81,0,13.62,-24.55,-3.84,0,0.2,0,0,-75,-75,-73,14.17,-15.88,-3.88,40.52,13.19,-33.44,-3.89,0,12.42,-34.84,-3.91,0,13.03,-32.64,-3.92,0,12.87,-32.67,-3.93,0,12.94,-31.34,-3.95,0,12.96,-31.7,-3.96,0,12.79,-32.07,-3.96,0,12.79,-32.84,-3.97,0,12.8,-23.89,-3.98,0,12.01,-33.32,-3.98,0,0.2,0.2,0,0.4,0.4,0,0,0,0,0.2,0,-73,-72,-72,17.79,-21.52,-3.97,0,17.01,-21.37,-4,0,17.09,-21.32,-4.02,0,0,0,0,-90,20.31,-17.75,145.05,132.85,158.26,0.92,19.97,-15.04,142.72,131.64,160.07,0.89,19.5,-12.17,141.79,137.44,159.03,0.89,16.14,-8.22,1.99,5.2,100,-8.1,-1.41,-9.51,0.06,15.88,-10.5,2.32,5.57,100,-8.69,-1,-9.69,0.07,15.81,-11.66,1.89,4.6,100,-10.14,0.47,-9.93,0.07,16.08,-8.09,0.6,3.62,100,-8.76,-0.89,-9.66,0.07,15.84,-11.77,0.68,4.45,100,-9.8,0.16,-9.85,0.06,15.76,-13,0.71,5.54,100,-10.43,0.65,-10.03,0.07,20.04,-9.81,222.75,217.89,1.17,0.91,9.81,0.48,251.13,0.89,19.7,-9.93,222.47,217.64,1.25,1.04,10.07,0.49,248.68,0.89,19.24,-9.06,223.05,216.6,0.39,0.12,10.13,0.32,250.48,0.89,20.14,-11.67,429,406.38,3.71,3.9,10.06,0.6,499.28,0.86,19.83,-9.3,429.91,417.08,1.16,1.04,9.95,0.36,497.57,0.86,19.37,-8.12,430.45,422.5,0.61,0.1,10.06,0.42,498.93,0.86,0,0,0,-73
ITJS,T11,KYW25CD00360006W,Pre_Proto_1,T01a-Awa,,ITJS-D24F-SMT01-CWB-03,Pass,12/17/2025 4:47:39 PM,12/17/2025 4:50:08 PM,V1.0.3.7,,,V0.0.0,V0.0.0,,,,,0.3,0.5,0.5,7.66,7.67,7.7,8.47,8.43,8.49,8.6,8.56,8.39,8.41,8.32,8.32,8.37,8.36,8.89,8.77,8.91,14.98,-35.39,-7.64,0,14.37,-36.62,-7.65,0,14.34,-36.76,-7.66,0,14.35,-34.99,-7.69,0,13.72,-37.54,-7.7,0,13.94,-36.47,-7.72,0,0.8,0,0,-73,-75,-74,13.68,-14.65,-7.73,1.94,13.5,-33.13,-7.74,0,12.84,-34.47,-7.75,0,13.35,-32.7,-7.76,0,13.13,-33.01,-7.77,0,13.21,-33.05,-7.79,0,13.29,-32.02,-7.79,0,13.19,-31.29,-7.8,0,13.13,-31.94,-7.81,0,13.04,-23.46,-7.82,0,12.19,-33.01,-7.83,0,0,0.2,0,0,0.2,0.2,0,0,0,0,0.2,-72,-72,-71,18.09,-21.82,-7.81,0,17.29,-21.51,-7.82,0,17.4,-21.53,-7.84,0,0,0,1,-90,20.32,-25.58,144.22,134.43,157.79,0.91,19.95,-27.69,142.35,135.78,159.78,0.89,19.48,-21.58,142.08,138.04,159.16,0.89,16.05,-15.51,2.15,4.83,100,-16.45,-1.15,-17.6,0.07,15.77,-20.03,2.5,5.98,100,-17.22,-0.69,-17.91,0.06,15.67,-21.31,2.12,5.31,100,-18.41,0.47,-18.13,0.06,16.79,-15.18,0.6,3.39,100,-16.74,-0.85,-17.59,0.08,16.53,-19.6,0.67,6.09,100,-17.93,0.27,-17.83,0.08,15.66,-21.04,0.69,4.7,100,-18.76,0.86,-18.1,0.07,20.06,-17.31,221.5,216.07,0.97,0.38,17.72,0.45,251.35,0.88,19.7,-17.8,221.65,216.77,1.25,0.71,18.03,0.59,248.67,0.89,19.22,-16.83,222.12,217.2,0.73,0.41,18.25,0.52,250.52,0.89,20.18,-19.47,427.37,405.67,3.74,3.5,17.58,0.31,499.64,0.86,19.83,-17.25,428.41,416.63,1.43,1.05,17.9,0.49,498.5,0.86,19.35,-16.67,428.12,419.25,0.52,0.43,18.09,0.48,498.8,0.86,0,0,0,-73
ITJS,T11,KYW25CD00360006X,Pre_Proto_1,T02a-Awa,,ITJS-D24F-SMT01-CWB-04,Pass,12/17/2025 5:01:18 PM,12/17/2025 5:03:50 PM,V1.0.3.7,,,V0.0.0,V0.0.0,,,,,0.3,0.5,0.5,7.66,7.67,7.7,8.47,8.43,8.49,8.6,8.56,8.39,8.41,8.32,8.32,8.37,8.36,8.89,8.77,8.91,15.19,-34.22,-6.75,0,14.42,-36.22,-6.77,0,14.49,-38.19,-6.79,0,14.61,-25.08,-6.81,0,14.07,-25.16,-6.84,0,14.17,-23.71,-6.85,0,0,0,0,-73,-75,-74,14.31,-15.86,-6.87,40.33,13.4,-33.3,-6.88,0,12.82,-34.73,-6.89,0,13.32,-32.43,-6.9,0,13.36,-32.12,-6.91,0,13.39,-32.08,-6.93,0,13.64,-31.2,-6.94,0,13.39,-31.1,-6.95,0,13.08,-32.26,-6.95,0,13.29,-31.71,-6.96,0,12.39,-32.33,-6.97,0,0,0,0,0.2,0.2,0,0,0,0,0.2,0,-72,-72,-71,17.86,-21.77,-6.95,0,17.32,-21.55,-6.98,0,17.41,-21.74,-7,0,0,0.5,0,-90,20.32,-24.96,143.04,135.21,158.28,0.9,19.96,-21.56,142.98,137.45,160.1,0.89,19.49,-20.46,141.41,136.47,158.78,0.89,16.08,-14.63,2.1,4.8,100,-15.58,-1.12,-16.7,0.06,15.79,-19.33,2.43,5.86,100,-16.26,-0.86,-17.12,0.06,16.51,-20.42,2.25,5.82,100,-17.58,0.49,-17.35,0.07,16.82,-14.81,0.6,3.7,100,-15.89,-0.92,-16.81,0.07,16.54,-20.42,0.64,5.73,100,-17.06,0.22,-17.08,0.06,16.48,-21.59,0.69,6.3,100,-17.82,0.69,-17.36,0.07,20.07,-18.55,221.49,215.61,2.87,2.43,16.98,0.57,251.16,0.88,19.7,-17.19,221.36,216.88,1.19,0.75,17.29,0.43,248.75,0.89,19.23,-16.08,222,217.43,1.03,0.34,17.8,0.69,250.73,0.89,20.18,-19.02,427.73,405.91,3.81,3.93,17.09,0.45,499.44,0.86,19.81,-16.32,428.37,416.78,0.96,0.61,17.23,0.4,498.04,0.86,19.34,-15.87,428.73,420.5,0.44,0.1,17.64,0.68,498.97,0.86,0,0,0,-73
ITJS,T11,KYW25CD00360006Y,Pre_Proto_1,T01a-Awa,,ITJS-D24F-SMT01-CWB-05,Fail,12/17/2025 7:03:59 PM,12/17/2025 7:06:27 PM,V1.0.3.7,WIFI_RX-2412-HT20_MCS7--70,,V0.0.0,V0.0.0,,,,,0.3,0.5,0.5,7.66,7.67,7.7,8.47,8.43,8.49,8.6,8.56,8.39,8.41,8.32,8.32,8.37,8.36,8.89,8.77,8.91,15.23,-35.23,-7,0,14.4,-36.13,-7,0,14.5,-38.15,-7.01,0,14.64,-25.5,-7,0,13.86,-25.64,-6.99,0,14.15,-24.74,-6.98,0,100,100,100,0,0,0,13.99,-26.8,-6.79,0,13.51,-33.51,-6.78,0,12.93,-34.6,-6.78,0,13.39,-31.82,-6.78,0,13.43,-31.59,-6.78,0,13.25,-22.15,-6.78,0,13.69,-30.83,-6.78,0,13.44,-31.61,-6.77,0,13,-32.15,-6.77,0,13.43,-32.24,-6.76,0,12.16,-32.64,-6.75,0,100,100,100,100,100,100,100,100,100,100,100,0,0,0,17.89,-21.83,-6.55,0,17.1,-21.55,-6.57,0,17.21,-21.7,-6.59,0,0.5,0,0.5,-90,20.34,-23.38,144.56,136.07,158.32,0.91,19.99,-23.46,142.45,135.77,160,0.89,19.54,-19.81,142.26,137.63,158.59,0.9,16.06,-13.96,2.1,4.61,100,-14.3,-1.1,-15.4,0.06,15.78,-17.58,2.46,6.05,100,-14.86,-0.86,-15.72,0.06,15.8,-19.73,2.09,5.39,100,-16.19,0.48,-15.96,0.07,16.02,-12.46,0.62,4.07,100,-14.66,-0.77,-15.43,0.07,15.75,-17.87,0.64,4.73,100,-15.48,-0.22,-15.69,0.07,15.76,-18.9,0.69,5.96,100,-16.51,0.79,-16.04,0.08,20.09,-16.77,221.04,216.18,2.52,1.98,15.75,0.51,251.31,0.88,19.74,-15.41,221.26,216.63,0.73,0.24,15.85,0.4,248.53,0.89,19.29,-14.46,221.56,217.41,1.12,0.76,16.26,0.61,250.57,0.88,20.21,-17,427.09,404.96,3.11,3.01,15.57,0.34,499.07,0.86,19.84,-15.12,428.15,417.93,1.02,0.88,15.85,0.41,497.83,0.86,19.41,-14.55,427.35,418.35,0.52,0.29,16.28,0.33,498.89,0.86,0,0,0,-73
ITJS,T11,KYW25CD00360006Y,Pre_Proto_1,T01a-Awa,,ITJS-D24F-SMT01-CWB-06,Fail,12/17/2025 7:10:08 PM,12/17/2025 7:12:38 PM,V1.0.3.7,WIFI_RX-2412-HT20_MCS7--70,,V0.0.0,V0.0.0,,,,,0.3,0.5,0.5,7.66,7.67,7.7,8.47,8.43,8.49,8.6,8.56,8.39,8.41,8.32,8.32,8.37,8.36,8.89,8.77,8.91,15.1,-35.45,-6.22,0,14.54,-35.7,-6.24,0,14.37,-38.07,-6.25,0,14.76,-22.12,-6.28,0,13.91,-22.12,-6.3,0,13.88,-22.3,-6.32,0,100,100,100,0,0,0,14.12,-27.28,-6.34,0,13.45,-33.09,-6.36,0,12.68,-34.2,-6.37,0,13.24,-32.46,-6.39,0,13.18,-32.44,-6.4,0,13.5,-32.89,-6.41,0,13.52,-31.2,-6.42,0,13.38,-31.55,-6.43,0,13.07,-32.16,-6.44,0,13.47,-31.92,-6.45,0,12.46,-32.36,-6.46,0,100,100,100,100,100,100,100,100,100,100,100,0,0,0,17.87,-21.59,-6.43,0,17.31,-21.55,-6.45,0,17.2,-21.66,-6.47,0,0.5,0,0,-90,20.33,-22.81,144.08,134.15,158.53,0.91,19.97,-25.12,142.3,137.44,159.75,0.89,19.52,-20.28,142.06,137.67,159.82,0.89,16.06,-13.88,2.32,5.09,100,-14.14,-1.34,-15.49,0.07,15.81,-17.08,2.62,7.7,100,-15.02,-0.79,-15.81,0.07,15.73,-18.92,2.32,5.5,100,-16.58,0.79,-16.1,0.07,16.01,-12.9,0.6,2.68,100,-14.86,-0.72,-15.58,0.08,15.79,-16.46,0.65,5.5,100,-15.69,-0.17,-15.86,0.08,15.71,-19.39,0.68,4.79,100,-16.8,0.93,-16.11,0.08,20.08,-17.04,220.16,214.59,2.61,2.25,15.91,0.53,251.01,0.88,19.72,-15.45,220.2,215.69,0.65,0.38,16.1,0.47,248.64,0.89,19.28,-14.94,220.7,215.67,0.84,0.16,16.47,0.62,250.36,0.88,20.2,-16.97,424.85,404.59,2.99,2.86,15.85,0.31,499.47,0.85,19.84,-15.53,426.17,415.49,1.21,0.82,16.1,0.39,497.73,0.86,19.39,-14.58,426.54,418.65,0.4,0.04,16.31,0.22,498.9,0.85,0,0,0,-73
ITJS,T11,KYW25CD00360006Y,Pre_Proto_1,T01a-Awa,,ITJS-D24F-SMT01-CWB-01,Pass,12/17/2025 7:14:07 PM,12/17/2025 7:16:37 PM,V1.0.3.7,,,V0.0.0,V0.0.0,,,,,0.3,0.5,0.5,7.66,7.67,7.7,8.47,8.43,8.49,8.6,8.56,8.39,8.41,8.32,8.32,8.37,8.36,8.89,8.77,8.91,15.24,-35.9,-6.38,0,14.55,-35.69,-6.39,0,14.29,-36.86,-6.41,0,14.6,-33.99,-6.43,0,13.99,-35.03,-6.45,0,14.02,-35.65,-6.47,0,0,0,0.2,-73,-75,-74,14.42,-15.04,-6.5,0.8,13.45,-33.58,-6.51,0,12.81,-34.62,-6.53,0,13.34,-32.52,-6.54,0,13.34,-32.02,-6.55,0,13.63,-31.44,-6.57,0,13.57,-31.4,-6.58,0,13.47,-31.43,-6.59,0,13.23,-31.82,-6.6,0,13.47,-31.4,-6.61,0,12.45,-32.39,-6.62,0,0,0,0,0,0,0,0,0,0,0,0,-72,-72,-71,17.89,-21.77,-6.57,0,17.08,-21.43,-6.6,0,17.2,-21.7,-6.61,0,0,0,0,-90,20.32,-24.06,143.77,135.72,158.73,0.91,19.96,-24.11,142.57,138.94,159.53,0.89,19.51,-19.96,141.64,137.56,158.68,0.89,16.06,-13.64,2.31,5.32,100,-14.48,-1.27,-15.75,0.06,15.75,-19.61,2.64,6.39,100,-15.31,-0.79,-16.1,0.06,15.71,-19.12,2.32,5.38,100,-16.47,0.35,-16.32,0.06,16.03,-13.04,0.6,3.25,100,-15.19,-0.64,-15.83,0.08,15.74,-17.85,0.61,4.51,100,-15.9,-0.21,-16.11,0.08,15.7,-20.23,0.69,4.41,100,-17.13,1,-16.42,0.08,20.07,-17.94,220.21,215.66,3.22,2.7,16.24,0.5,251.22,0.88,19.71,-16.15,220.48,215.45,1.14,0.7,16.47,0.65,248.6,0.89,19.27,-15.32,220.76,216.21,0.92,0.29,16.93,0.88,250.24,0.88,20.18,-17.78,424.35,404.15,3.4,3.23,16.12,0.42,499.3,0.85,19.84,-15.27,425.96,414.96,0.74,0.66,16.33,0.42,498.01,0.86,19.37,-15.75,425.97,418.85,1.05,0.82,16.55,0.4,498.78,0.85,0,0,0,-73
ITJS,T11,KYW25CD00360006A,Pre_Proto_1,T01a-Awa,,ITJS-D24F-SMT01-CWB-02,Fail,12/17/2025 8:09:25 PM,12/17/2025 8:20:47 PM,V1.0.3.7,WIFI_TX-2412-OFDM-54M-14,,V0.0.0,V0.0.0,,,,,0.3,0.5,0.5,7.66,7.67,7.7,8.47,8.43,8.49,8.6,8.56,8.39,8.41,8.32,8.32,8.37,8.36,8.89,8.77,8.91,-999,-999,-999,-999,-999,-999,-999,-999,-999,-999,-999,-999,-999,-999,-999,-999,-999,-999,-999,-999,-999,-999,-999,-999,100,100,100,0,0,0,-999,-999,-999,-999,-999,-999,-999,-999,-999,-999,-999,-999,-999,-999,-999,-999,-999,-999,-999,-999,-999,-999,-999,-999,-999,-999,-999,-999,-999,-999,-999,-999,-999,-999,-999,-999,-999,-999,-999,-999,-999,-999,-999,-999,100,100,100,100,100,100,100,100,100,100,100,0,0,0,-999,-999,-999,-999,-999,-999,-999,-999,-999,-999,-999,-999,100,100,100,0,0,0,0,0,0,0,0,0,0,0,0,0,0,0,0,0,0,0,0,0,0,0,0,0,0,0,0,0,0,0,0,0,0,0,0,0,0,0,0,0,0,0,0,0,0,0,0,0,0,0,0,0,0,0,0,0,0,0,0,0,0,0,0,0,0,0,0,0,0,0,0,0,0,0,0,0,0,0,0,0,0,0,0,0,0,0,0,0,0,0,0,0,0,0,0,0,0,0,0,0,0,0,0,0,0,0,0,0,0,0,0,0,0,0,0,0,0,0,0,0,0,0,0,0,0,0,0,0,0,0,0,0,0,0,0,-73
ITJS,T11,KYW25CD00360006A,Pre_Proto_1,T01a-Awa,,ITJS-D24F-SMT01-CWB-03,Pass,12/17/2025 8:26:51 PM,12/17/2025 8:29:20 PM,V1.0.3.7,,,V0.0.0,V0.0.0,,,,,0.3,0.5,0.5,7.66,7.67,7.7,8.47,8.43,8.49,8.6,8.56,8.39,8.41,8.32,8.32,8.37,8.36,8.89,8.77,8.91,14.82,-35.56,-5.34,0,14.5,-36.47,-5.36,0,14.27,-37.67,-5.37,0,14.45,-22.84,-5.39,0,13.97,-22.88,-5.41,0,13.9,-22.61,-5.42,0,0,0,0,-75,-75,-74,13.81,-16.53,-5.42,32.3,13.54,-33.57,-5.43,0,12.68,-34.72,-5.44,0,13.03,-32.75,-5.45,0,13.19,-32.37,-5.46,0,13.61,-32.12,-5.47,0,12.95,-31.7,-5.48,0,12.96,-31.95,-5.49,0,13.21,-32.58,-5.5,0,13.09,-22.69,-5.51,0,12.26,-33.21,-5.51,0,0,0,0,0,0,0,0,0,0,0,0,-73,-72,-72,17.74,-21.52,-5.48,0,17.2,-21.69,-5.5,0,17.03,-21.49,-5.52,0,0,0,0,-90,20.47,-21.39,144.09,134.75,158.98,0.91,20.14,-17.35,142.91,138.81,159.12,0.9,19.65,-15.13,141.81,137.41,159.53,0.89,16.32,-9.44,1.99,4.59,100,-10.82,-1.13,-11.95,0.07,16.09,-13.28,2.35,5.66,100,-11.35,-0.85,-12.2,0.06,16,-15.44,1.9,4.79,100,-12.45,0.34,-12.34,0.08,16.27,-9.71,0.61,3.24,100,-11.24,-0.68,-11.92,0.07,16.04,-13.4,0.68,4.22,100,-11.92,-0.19,-12.11,0.06,15.96,-14.62,0.7,4.68,100,-12.89,0.83,-12.29,0.06,20.2,-11.89,222.89,216.88,1.03,0.49,12.1,0.53,251.75,0.89,19.87,-12.04,222.6,218.76,1.07,0.69,12.18,0.28,249.05,0.89,19.38,-11.21,223.18,218,0.65,0.4,12.56,0.53,250.48,0.89,20.32,-11.73,429.14,408.11,1.69,1.41,12.1,0.5,499.61,0.86,20,-11.4,430.59,419.8,1.29,0.93,12.06,0.64,498.39,0.86,19.5,-9.94,430,422.72,1.14,0.51,12.41,0.7,499.11,0.86,0,0,0,-73
ITJS,T11,KYW25CD00360006C,Pre_Proto_1,T01a-Awa,,ITJS-D24F-SMT01-CWB-04,Fail,12/19/2025 8:53,12/19/2025 8:56,V1.0.4.1,WIFI_TX-2412-HT20_MCS7-13,,V0.0.0,V0.0.0,,,,,3,3,3,0,0,0,0,0,0,0,0,0,0,0,0,0,0,0,0,0,15.75,-31.93,-5.92,0,15.11,-34.48,-5.92,0,15.02,-35.98,-5.93,0,15.22,-23.19,-5.94,0,14.39,-23.35,-5.95,0,14.54,-22.73,-5.96,0,23,3.8,16.6,-74,-75,-74,12.47,-30.78,-5.89,0,12.55,-34.66,-5.89,0,11.32,-35.31,-5.9,0,12.34,-33.55,-5.91,0,12.72,-31.55,-5.92,0,12.4,-22.45,-5.92,0,12.04,-32.11,-5.93,0,11.5,-32.43,-5.93,0,12.37,-32.75,-5.93,0,11.15,-29.88,-5.94,0,10.89,-32.4,-5.94,0,56.6,58,47.2,44.6,31.6,35.8,37.6,67.8,46.8,79.4,75.8,-72,-71,-71,18.64,-21.63,-5.8,0,17.88,-21.68,-5.82,0,17.6,-21.45,-5.84,0,0,2,4.5,-90,20.34,-21.05,143.85,134.52,158.51,0.91,20.07,-21.9,142.06,138.44,158.31,0.9,19.64,-17.71,142.26,138.77,158.2,0.9,16.53,-11.25,1.93,4.74,100,-12.48,-1.28,-13.75,0.07,16.42,-16.29,2.31,5.56,100,-13.45,-0.55,-14,0.07,16.22,-16.14,1.91,4.33,100,-14.41,0.42,-14.24,0.07,16.46,-11.69,0.64,2.48,100,-12.98,-0.83,-13.81,0.05,16.36,-16.17,0.63,4.94,100,-14.04,0.2,-14.06,0.05,16.16,-17.05,0.71,4.44,100,-15.11,1.01,-14.34,0.05,20.09,-13.87,222.43,217.42,1.08,0.69,14.16,0.46,251.43,0.88,19.83,-13.75,222.04,216.32,0.76,0.39,14.36,0.58,250.81,0.89,19.4,-13.6,222.31,217.76,0.29,0.23,14.56,0.53,251.51,0.88,20.19,-14.8,430.41,415.28,2.56,2.3,14.04,0.15,499.75,0.86,19.94,-13.58,429.6,419.84,1.22,0.92,14.24,0.28,499.29,0.86,19.51,-11.91,429.19,421.86,1.37,1.15,14.61,0.5,499.17,0.86,0,0,0,-73
ITJS,T11,KYW25CD00360006C,Pre_Proto_1,T01a-Awa,,ITJS-D24F-SMT01-CWB-05,Fail,12/19/2025 8:56,12/19/2025 9:00,V1.0.4.1,WIFI_TX-2442-OFDM-54M-14,,V0.0.0,V0.0.0,,,,,3,3,3,0,0,0,0,0,0,0,0,0,0,0,0,0,0,0,0,0,15.67,-35.3,-6.7,0,14.93,-23.17,-6.71,0,14.77,-36.82,-6.72,0,15.13,-34.28,-6.74,0,14.32,-34.92,-6.76,0,14.48,-36.44,-6.76,0,29.8,2.8,18.6,-74,-75,-74,12.7,-32.13,-6.75,0,12.99,-33.88,-6.76,0,11.63,-34.68,-6.77,0,12.27,-33.47,-6.78,0,12.88,-32.56,-6.79,0,12.75,-32.2,-6.8,0,12.32,-31.58,-6.81,0,11.88,-31.37,-6.82,0,12.53,-33.04,-6.82,0,11.33,-30.48,-6.84,0,11.46,-31.92,-6.84,0,54.6,57.6,46.4,49.4,29.2,35.4,43,66.2,55,78.8,75,-71,-71,-71,18.41,-21.5,-6.81,0,17.86,-21.68,-6.84,0,17.59,-21.73,-6.86,0,1,1,1.5,-91,20.31,-24.21,143.06,136.4,158.23,0.9,20.05,-20.87,142.79,137.66,158.91,0.9,19.61,-20.56,142.24,138.98,159.06,0.89,16.55,-13.12,1.89,4.28,100,-14.92,-1.13,-16.05,0.08,16.41,-18,2.24,5.88,100,-15.63,-0.66,-16.29,0.07,16.21,-19.61,1.95,5.14,100,-16.81,0.54,-16.48,0.08,16.47,-13.65,0.62,2.3,100,-15.34,-0.54,-15.88,0.03,16.34,-18.29,0.66,4.01,100,-15.96,-0.13,-16.09,0.03,16.14,-17.67,0.71,5.02,100,-16.77,0.7,-16.32,0.04,20.06,-15.72,222.83,218.63,1.02,0.78,15.89,0.47,250.92,0.89,19.8,-15.73,222.66,217.29,0.91,0.89,16.13,0.59,250.64,0.89,19.37,-15.31,222.77,217.45,0.46,0.38,16.29,0.62,251.15,0.89,20.17,-16.49,430.07,416.24,2.7,2.37,15.66,0.38,499.11,0.86,19.92,-14.84,429.9,421.44,0.92,0.56,15.67,0.2,498.35,0.86,19.48,-13.84,429.98,421.11,0.72,0.51,15.89,0.37,498.51,0.86,0,0,0,-73
ITJS,T11,KYW25CD00360006C,Pre_Proto_1,T01a-Awa,,ITJS-D24F-SMT01-CWB-06,Fail,12/19/2025 9:00,12/19/2025 9:04,V1.0.4.1,WIFI_RX-2412-HT20_MCS7--75,,V0.0.0,V0.0.0,,,,,3,3,3,0,0,0,0,0,0,0,0,0,0,0,0,0,0,0,0,0,15.36,-35.71,-6.89,0,14.55,-37.39,-6.91,0,14.5,-36.3,-6.93,0,14.84,-35.89,-6.94,0,14.29,-37.24,-6.96,0,14.21,-35.34,-6.97,0,13.6,1.8,91.8,-74,-75,-74,12.67,-17.52,-6.96,38.21,13.11,-33.86,-6.97,0,11.6,-33.99,-6.98,0,12.38,-33.44,-7,0,12.82,-32.37,-7.01,0,12.96,-29.83,-7.02,0,12.35,-31.73,-7.03,0,11.79,-31.98,-7.03,0,12.7,-32.67,-7.04,0,11.51,-30.38,-7.05,0,11.27,-32.28,-7.06,0,61.2,60.6,45.6,46.6,30.8,33.4,44.8,68.4,47.2,80.2,77.8,-71,-71,-71,18.43,-21.86,-7.02,0,17.66,-21.65,-7.04,0,17.39,-21.81,-7.06,0,0,2,5,-91,20.31,-24.49,143.05,137.09,158.71,0.9,20.05,-21.71,142.51,139.12,158.89,0.9,19.61,-20.04,143.26,140.05,158.26,0.91,16.57,-14.59,1.9,4.49,100,-15.55,-1.13,-16.68,0.07,16.4,-18.7,2.26,5.72,100,-16.37,-0.59,-16.96,0.07,16.23,-19.12,1.96,4.92,100,-17.37,0.5,-17.15,0.07,16.49,-14.52,0.62,2.64,100,-15.75,-0.78,-16.53,0.04,16.33,-17.2,0.67,5.25,100,-16.55,-0.17,-16.72,0.04,16.16,-20.16,0.72,5.37,100,-17.49,0.76,-16.92,0.05,20.07,-15.84,222.37,216.85,0.61,0.56,16.65,0.43,251.51,0.88,19.81,-16.43,221.97,217.19,1.29,0.75,16.64,0.49,250.92,0.88,19.38,-15.46,222.13,217.57,0.78,0.16,16.92,0.5,251.26,0.88,20.18,-17.31,430.18,415.22,3.18,2.52,16.23,0.64,499.67,0.86,19.94,-15.17,429.76,420.88,0.7,0.59,16.2,0.18,499.28,0.86,19.49,-14.37,428.82,420.84,0.74,0.46,16.44,0.44,499.61,0.86,0,0,0,-73
ITJS,T11,KYW25CD00360006F,Pre_Proto_1,T02a-Awa,,ITJS-D24F-SMT01-CWB-01,Fail,12/19/2025 9:29,12/19/2025 9:33,V1.0.4.1,WIFI_TX-2442-OFDM-54M-14,,V0.0.0,V0.0.0,,,,,3,3,3,0,0,0,0,0,0,0,0,0,0,0,0,0,0,0,0,0,15.44,-35,-7.05,0,14.7,-23.27,-7.06,0,14.45,-35.59,-7.07,0,15.19,-33.75,-7.09,0,14.29,-34.87,-7.1,0,14.08,-37.33,-7.11,0,10.2,4,16,-74,-75,-74,12.17,-19.2,-7.12,31.16,12.41,-34.83,-7.13,0,11.11,-34.88,-7.14,0,12.22,-33.83,-7.15,0,12.36,-32.15,-7.16,0,12.49,-22.87,-7.18,0,12.11,-31.94,-7.19,0,11.6,-32.11,-7.19,0,12.37,-33.54,-7.2,0,11.19,-31.15,-7.21,0,10.83,-32.82,-7.22,0,61.6,61.2,49.6,49.6,34.4,37.2,42,70.8,48.4,74.6,79.6,-71,-72,-71,18.4,-21.57,-7.2,0,17.62,-21.6,-7.23,0,17.34,-21.6,-7.25,0,2,1,3,-91,20.27,-25.39,143.51,139.9,158.63,0.9,20,-21.12,142.46,137.39,158.49,0.9,19.58,-20.81,141.91,137.72,158.11,0.9,16.51,-14.12,1.83,3.98,100,-15.87,-1.1,-16.97,0.06,16.4,-18.28,2.18,5.36,100,-16.57,-0.59,-17.16,0.07,16.18,-19.71,1.9,4.5,100,-17.79,0.66,-17.38,0.07,16.45,-14.49,0.64,2.48,100,-16.06,-0.75,-16.81,0.06,16.34,-18.06,0.67,3.75,100,-16.99,0.23,-16.97,0.05,16.13,-20.82,0.71,5.01,100,-17.89,0.89,-17.22,0.06,20.03,-16.59,222.42,216.93,1.19,0.71,16.76,0.45,251.47,0.88,19.77,-16.65,221.96,217.58,1.05,0.79,17.1,0.51,250.88,0.88,19.33,-16.63,222.34,218.36,0.86,0.63,17.27,0.58,251.62,0.88,20.13,-16.22,429.63,415.7,1.48,1.53,16.45,0.36,500.01,0.86,19.89,-15.94,429.26,419.63,1.34,0.88,16.88,0.61,499.22,0.86,19.46,-15.17,428.89,419.43,0.48,0.11,16.98,0.47,499.57,0.86,0,0,0,-73
ITJS,T11,KYW25CD00360006F,Pre_Proto_1,T02a-Awa,,ITJS-D24F-SMT01-CWB-02,Fail,12/19/2025 10:01,12/19/2025 10:05,V1.0.4.1,WIFI_TX-2442-OFDM-54M-14,,V0.0.0,V0.0.0,,,,,3,3,3,0,0,0,0,0,0,0,0,0,0,0,0,0,0,0,0,0,15.49,-36.25,-6.46,0,14.69,-23.78,-6.48,0,14.49,-37.88,-6.51,0,14.89,-23.28,-6.52,0,14.12,-23.36,-6.54,0,13.97,-22.4,-6.56,0,16.8,2,16.2,-74,-75,-74,12.38,-20.35,-6.56,27.53,12.79,-34.12,-6.57,0,11.57,-34.22,-6.59,0,12.25,-33.52,-6.61,0,12.62,-32.88,-6.62,0,12.51,-32.14,-6.64,0,11.96,-31.93,-6.65,0,11.56,-31.95,-6.66,0,12.25,-33.92,-6.67,0,11.01,-27.41,-6.68,0,10.9,-32.4,-6.69,0,62.8,69.8,56.2,44.2,34.4,38,44.4,68.2,68.2,93,79.2,-71,-71,-71,18.38,-21.74,-6.68,0,17.82,-21.54,-6.71,0,17.56,-21.6,-6.73,0,0.5,1,3.5,-91,20.27,-22.64,143.19,135.97,158.72,0.9,20.01,-21.22,142.92,138.44,159.99,0.89,19.59,-19.57,142.37,138.36,158.26,0.9,16.52,-14.27,1.89,4.64,100,-15.12,-1.04,-16.16,0.07,16.38,-17.33,2.3,5.71,100,-15.62,-0.8,-16.43,0.07,16.15,-19.37,1.92,5.01,100,-16.78,0.51,-16.59,0.08,16.44,-13.35,0.63,2.7,100,-15.26,-0.68,-15.95,0.03,16.3,-17.03,0.65,5.18,100,-16.05,0.13,-16.16,0.03,16.08,-18.13,0.7,5.2,100,-16.87,0.73,-16.34,0.04,20.03,-15.35,222.77,218.22,0.66,0.77,16.03,0.49,251.11,0.89,19.78,-15.81,222.58,217.74,1.22,0.84,16.26,0.56,250.68,0.89,19.35,-15.33,222.74,217.14,0.41,0.23,16.34,0.64,250.96,0.89,20.13,-14.68,430.33,416.87,0.84,0.58,15.6,0.26,498.99,0.86,19.89,-14.87,430.05,421.21,1.12,0.65,16.1,0.62,498.71,0.86,19.46,-14.09,429.94,422.35,0.61,0.23,16.03,0.53,499.03,0.86,0,0,0,-73
ITJS,T11,KYW25CD00360006F,Pre_Proto_1,T02a-Awa,,ITJS-D24F-SMT01-CWB-03,Pass,12/19/2025 10:20,12/19/2025 10:23,V1.0.4.1,,,V0.0.1,V0.0.1,,,,,3,3,3,0,0,0,0,0,0,0,0,0,0,0,0,0,0,0,0,0,15.64,-34.39,-5.99,0,14.72,-35.79,-6.01,0,14.45,-36.81,-6.02,0,15.03,-22.77,-6.05,0,14.26,-22.94,-6.06,0,14.22,-22.32,-6.09,0,0,0,0,-74,-75,-74,12.17,-16.74,-6.08,34.52,12.52,-35.19,-6.09,0,11.27,-34.45,-6.1,0,12.02,-33.86,-6.11,0,12.38,-33.35,-6.13,0,12.28,-32.94,-6.14,0,12.02,-31.6,-6.15,0,11.3,-32.24,-6.16,0,12.33,-32.93,-6.17,0,11.16,-22.03,-6.18,0,10.63,-32.96,-6.19,0,0,0,0,0,0,0,0,0,0,0,0.2,-71,-71,-71,18.38,-21.97,-6.12,0,17.59,-21.61,-6.15,0,17.55,-21.54,-6.18,0,0,0,0,-91,20.25,-21.98,142.84,136.86,159.47,0.9,20,-18.61,142.19,137.39,158.6,0.9,19.55,-17.54,142.48,139.27,158.17,0.9,16.5,-11.7,1.87,4.14,100,-13.36,-1.26,-14.62,0.07,16.35,-17.78,2.26,5.89,100,-14.16,-0.74,-14.91,0.07,16.12,-16.76,1.94,5.18,100,-15.34,0.45,-15.16,0.07,16.41,-12.66,0.61,2.58,100,-14.08,-0.63,-14.71,0.04,16.28,-15.71,0.68,5.09,100,-14.8,-0.16,-14.95,0.03,16.05,-18,0.7,4.53,100,-15.69,0.68,-15.21,0.04,20,-14.49,222.97,217.71,0.82,0.65,14.89,0.4,251.07,0.89,19.76,-14.58,222.5,217.15,0.64,0.24,15.19,0.32,250.78,0.89,19.3,-14.79,222.65,218.28,0.6,0.62,15.35,0.35,251.21,0.89,20.11,-15.73,430.43,417.2,2.68,2.63,14.94,0.38,498.86,0.86,19.87,-13.94,430.45,420.91,0.88,0.56,15.26,0.45,498.62,0.86,19.43,-13.85,429.93,420.9,0.31,0.07,15.27,0.18,498.8,0.86,0,0,0,-73
ITJS,T11,KYW25CD00360006R,Pre_Proto_1,T03a-Awa,,ITJS-D24F-SMT01-CWB-04,Pass,12/19/2025 10:24,12/19/2025 10:28,V1.0.4.1,,,V0.0.1,V0.0.1,,,,,3,3,3,0,0,0,0,0,0,0,0,0,0,0,0,0,0,0,0,0,15.45,-35.32,-6.95,0,14.87,-24.11,-6.96,0,14.77,-36.73,-6.98,0,15.02,-23.08,-6.99,0,14.18,-23.09,-7.01,0,14.45,-22.69,-7.03,0,0,0,0,-75,-75,-74,12.35,-14.77,-7.03,1.45,12.76,-34.18,-7.04,0,11.33,-33.48,-7.06,0,12.3,-33.46,-7.07,0,12.71,-32.54,-7.08,0,12.48,-32.86,-7.09,0,11.97,-30.64,-7.1,0,11.58,-31.73,-7.11,0,12.1,-33.53,-7.11,0,11.42,-30.54,-7.12,0,10.93,-32.8,-7.13,0,0,0,0,0,0,0,0.2,0,0,0,0,-71,-72,-71,18.36,-21.56,-7.12,0,17.82,-21.59,-7.14,0,17.53,-21.51,-7.17,0,0,0,0,-91,20.25,-24.99,143.55,136.72,159.37,0.9,19.99,-21.57,142.08,137.11,159.35,0.89,19.54,-19.86,141.98,138.4,158.81,0.89,16.47,-14.37,1.96,4.34,100,-15.76,-0.98,-16.74,0.07,16.35,-17.53,2.27,5.56,100,-16.5,-0.53,-17.03,0.07,16.12,-19.69,1.95,4.68,100,-17.64,0.7,-17.2,0.08,16.36,-14.6,0.62,2.52,100,-15.93,-0.66,-16.59,0.02,16.27,-18.16,0.65,4.78,100,-16.87,0.29,-16.8,0.02,16.05,-20.14,0.7,5.09,100,-17.73,0.91,-17.03,0.03,20,-16.65,222.82,218.26,1.24,1.14,16.69,0.41,250.96,0.89,19.75,-16.79,222.68,217.9,1.38,0.9,16.81,0.48,250.52,0.89,19.3,-16.1,222.57,217.62,0.4,0.04,17.09,0.5,250.98,0.89,20.12,-15.79,431.18,417.17,1.4,1.15,16.43,0.44,498.94,0.86,19.86,-15.75,430.56,422.59,1.15,0.8,16.43,0.34,498.73,0.86,19.42,-14.77,430.21,422.42,0.55,0.36,16.65,0.25,498.6,0.86,0,0,0,-73
ITJS,T11,KYW25CD00360006S,Pre_Proto_1,T02a-Awa,,ITJS-D24F-SMT01-CWB-05,Fail,12/19/2025 10:28,12/19/2025 10:31,V1.0.4.1,WIFI_TX-5180-HT20_MCS7-12,,V0.0.1,V0.0.1,,,,,3,3,3,0,0,0,0,0,0,0,0,0,0,0,0,0,0,0,0,0,15.63,-34.99,-7.38,0,14.7,-37.4,-7.39,0,14.54,-38.08,-7.41,0,15.06,-24.48,-7.42,0,14.2,-24.43,-7.44,0,13.98,-23.38,-7.45,0,0,0,0.4,-74,-75,-74,12.21,8.36,-6.07,3.81,12.67,-34.18,-7.44,0,11.39,-34.38,-7.46,0,12.1,-33.59,-7.47,0,12.56,-32.55,-7.48,0,12.36,-30.86,-7.49,0,12.14,-31.88,-7.5,0,11.45,-31.81,-7.5,0,12.27,-32.92,-7.51,0,11.36,-31.09,-7.52,0,11.14,-32.93,-7.53,0,0.2,0,0,0,0,0,0,0,0,0,0,-71,-72,-71,18.33,-21.58,-7.48,0,17.78,-21.75,-7.5,0,17.51,-21.52,-7.52,0,0,0,0,-91,20.23,-24.54,143.76,135.33,158.89,0.9,19.98,-23.2,142.21,138.19,159.84,0.89,19.54,-21.18,142.16,138.34,158.17,0.9,16.49,-15.3,1.93,4.4,100,-16.42,-1.05,-17.48,0.08,16.36,-18.8,2.27,5.59,100,-17.03,-0.68,-17.71,0.08,16.19,-21.01,1.97,4.67,100,-18.36,0.72,-17.88,0.08,16.39,-14.68,0.61,2.19,100,-16.84,-0.4,-17.24,0.02,16.27,-19.91,0.66,3.3,100,-17.38,0.19,-17.45,0.02,16.1,-20.52,0.72,5.45,100,-18.29,0.8,-17.69,0.02,20,-17.01,222.77,217.94,1.05,0.71,17.27,0.6,251.36,0.89,19.73,-17.78,222.57,217.97,1.71,1.49,17.47,0.5,250.68,0.89,19.29,-16.53,222.66,216.47,0.63,0.36,17.85,0.61,251.08,0.89,20.1,-16.26,431.04,416.94,1.17,0.89,17.03,0.49,499.03,0.86,19.85,-16.17,430.39,421.61,0.77,0.97,17.33,0.61,498.58,0.86,19.4,-15.49,430.17,422.06,0.83,0.03,17.66,0.77,499.04,0.86,0,0,0,-73
ITJS,T11,KYW25CD00360006S,Pre_Proto_1,T02a-Awa,,ITJS-D24F-SMT01-CWB-06,Fail,12/19/2025 10:32,12/19/2025 10:35,V1.0.4.1,WIFI_TX-5180-HT20_MCS7-12,,V0.0.1,V0.0.1,,,,,3,3,3,0,0,0,0,0,0,0,0,0,0,0,0,0,0,0,0,0,15.3,-35.07,-7.44,0,14.44,-36.11,-7.45,0,14.42,-37.38,-7.47,0,14.85,-22.68,-7.48,0,13.96,-22.83,-7.5,0,13.94,-21.98,-7.52,0,0,0,0,-74,-75,-74,-999,-999,-999,-999,12.53,-34.67,-7.5,0,11.22,-34.82,-7.52,0,12.44,-33.47,-7.52,0,12.36,-33.08,-7.53,0,12.48,-19.91,-7.55,0,12.21,-32.07,-7.56,0,11.58,-31.59,-7.56,0,12.41,-33.26,-7.57,0,11.24,-30.63,-7.57,0,11.03,-32.49,-7.58,0,0.4,0,0,0,0.2,0,0,0.2,0,0.2,0.2,-71,-71,-70,18.53,-21.57,-7.55,0,17.76,-21.65,-7.57,0,17.51,-21.56,-7.6,0,0,0,0,-90,20.21,-26.02,143.37,136.89,158.27,0.91,19.96,-22.45,142.84,136.6,159.02,0.9,19.51,-20.71,141.83,137.07,158.28,0.9,16.45,-15.68,1.79,4.38,100,-16.37,-1.19,-17.56,0.07,16.3,-18.86,2.21,5.76,100,-17.32,-0.54,-17.85,0.07,16.13,-19.45,1.87,4.6,100,-18.26,0.43,-18.04,0.07,16.4,-14.41,0.6,2.07,100,-16.69,-0.75,-17.44,0.07,16.27,-19.52,0.66,4.51,100,-17.58,0.1,-17.65,0.07,16.11,-20.8,0.73,5.56,100,-18.5,0.8,-17.91,0.07,19.98,-17.17,222.3,216.35,1.03,0.87,17.57,0.37,251.36,0.88,19.72,-16.82,222.37,217.84,0.46,0.3,17.78,0.55,251.13,0.89,19.27,-16.97,222.18,216.19,0.63,0.23,18.23,0.83,251.48,0.88,20.08,-16.84,428.84,415.07,1.5,1.44,17.34,0.54,499.76,0.86,19.83,-16.73,429.32,419.95,1.22,1.4,17.42,0.56,499.37,0.86,19.38,-15.79,428.85,420.72,0.58,0.25,17.71,0.5,499.26,0.86,0,0,0,-73
ITJS,T11,KYW25CD00360006S,Pre_Proto_1,T02a-Awa,,ITJS-D24F-SMT01-CWB-01,Pass,12/19/2025 10:40,12/19/2025 10:43,V1.0.4.1,,,V0.0.1,V0.0.1,,,,,3,3,3,0,0,0,0,0,0,0,0,0,0,0,0,0,0,0,0,0,15.46,-34.71,-7.15,0,14.67,-22.53,-7.17,0,14.71,-36.75,-7.19,0,15.21,-31.18,-7.2,0,14.31,-31.57,-7.22,0,14.1,-33.8,-7.24,0,0,0,0.2,-74,-75,-74,12.55,-14.62,-7.25,0.54,12.62,-34.4,-7.26,0,11.25,-35.05,-7.28,0,12.2,-34.05,-7.29,0,12.45,-32.55,-7.3,0,12.55,-31.13,-7.31,0,12.25,-31.9,-7.32,0,11.83,-31.83,-7.32,0,12.38,-33.53,-7.33,0,11.51,-28.17,-7.34,0,11.11,-32.5,-7.35,0,0,0.2,0,0,0,0,0,0,0,0,0,-71,-71,-71,18.59,-21.54,-7.36,0,17.57,-21.67,-7.38,0,17.54,-21.78,-7.4,0,0,0,0,-91,20.23,-25.17,143.39,138.97,159.05,0.9,19.98,-21.81,142.26,138.85,159.31,0.89,19.53,-20.84,142.05,138.34,158.88,0.89,16.46,-15.6,1.9,4.45,100,-15.98,-1.04,-17.03,0.07,16.33,-18.12,2.28,5.56,100,-16.74,-0.6,-17.34,0.07,16.14,-19.87,1.92,5.2,100,-17.77,0.5,-17.53,0.07,16.37,-15.24,0.63,2.87,100,-16.47,-0.41,-16.88,0.03,16.27,-18.08,0.65,4.94,100,-17.14,0.23,-17.12,0.03,16.07,-19.63,0.71,6.19,100,-17.96,0.8,-17.42,0.03,20,-16.79,222.7,218.48,1.07,0.66,17.01,0.46,251.02,0.89,19.74,-17.26,222.67,217.98,1.47,1.17,17.29,0.53,250.53,0.89,19.29,-16.64,222.75,217.48,0.73,0.34,17.75,1.04,251.2,0.89,20.09,-16.45,430.92,414.96,1.58,1.21,16.82,0.35,498.95,0.86,19.86,-16.01,430.17,422.15,0.95,0.55,17.01,0.46,498.71,0.86,19.39,-15.44,429.81,422.12,0.54,0.38,17.32,0.51,498.53,0.86,0,0,0,-73
ITJS,T11,KYW25CD00360006M,Pre_Proto_1,T02a-Awa,,ITJS-D24F-SMT01-CWB-02,Fail,12/19/2025 10:45,12/19/2025 10:48,V1.0.4.1,WIFI_TX-5180-HT20_MCS7-12,,V0.0.1,V0.0.1,,,,,3,3,3,0,0,0,0,0,0,0,0,0,0,0,0,0,0,0,0,0,15.37,-35.94,-7.35,0,14.88,-36.52,-7.37,0,14.55,-36.46,-7.39,0,14.86,-22.78,-7.4,0,13.96,-22.78,-7.42,0,14.19,-22.06,-7.43,0,0.2,0,0,-75,-75,-74,12.96,9.98,-5.8,6.87,12.86,-33.75,-7.47,0,11.41,-34.64,-7.48,0,12.34,-33.66,-7.48,0,12.77,-32.37,-7.49,0,12.56,-31.79,-7.49,0,12.27,-31.49,-7.5,0,11.79,-31.05,-7.5,0,12.54,-31.92,-7.51,0,11.38,-21.42,-7.52,0,11.08,-32.71,-7.53,0,0,0.2,0,0,0,0,0,0.2,0,0,0,-71,-71,-71,18.55,-21.55,-7.51,0,17.78,-21.29,-7.54,0,17.51,-21.52,-7.56,0,0,0,0,-91,20.24,-25.54,142.74,135.09,158.5,0.9,19.99,-22.48,142.44,139.1,159.44,0.89,19.52,-20.26,142.14,138.45,158.4,0.9,16.48,-16.29,1.89,4.34,100,-16.31,-0.87,-17.18,0.08,16.34,-18.34,2.24,5.16,100,-16.74,-0.69,-17.42,0.07,16.12,-20.26,1.92,5.07,100,-17.94,0.49,-17.68,0.07,16.39,-14.94,0.62,3.52,100,-16.52,-0.6,-17.12,0.04,16.27,-19.09,0.66,4.1,100,-17.25,0.13,-17.34,0.04,16.07,-20.06,0.71,4.59,100,-17.88,0.49,-17.6,0.05,20.01,-16.76,222.17,216.96,0.84,0.28,17.21,0.34,251.51,0.88,19.74,-17.15,222.04,216.85,1.11,0.67,17.6,0.77,251.03,0.88,19.28,-17.34,222.3,216.87,0.93,0.71,17.74,0.53,251.66,0.88,20.09,-16.67,430.05,416.47,1.3,1.46,17.04,0.25,499.54,0.86,19.86,-16.46,430.01,422.43,1.15,0.8,17.33,0.32,499.32,0.86,19.41,-15.18,429.4,420.01,1.05,0.82,17.55,0.43,499.11,0.86,0,0,0,-73
ITJS,T11,KYW25CD00360006M,Pre_Proto_1,T02a-Awa,,ITJS-D24F-SMT01-CWB-03,Pass,12/19/2025 10:49,12/19/2025 10:52,V1.0.4.1,,,V0.0.1,V0.0.1,,,,,3,3,3,0,0,0,0,0,0,0,0,0,0,0,0,0,0,0,0,0,15.6,-34.82,-7.69,0,14.73,-35.61,-7.7,0,14.41,-38.07,-7.71,0,14.87,-35.31,-7.73,0,14.18,-35.95,-7.74,0,13.84,-37.05,-7.75,0,0,0.4,0.2,-75,-75,-74,12.51,-13.08,-7.76,1.24,12.73,-33.94,-7.77,0,11.24,-34.77,-7.78,0,12.09,-33.88,-7.78,0,12.47,-31.69,-7.79,0,12.32,-22.56,-7.8,0,12.01,-31.2,-7.8,0,11.75,-31.65,-7.81,0,12.36,-33.37,-7.81,0,11.22,-30.91,-7.82,0,10.85,-32.16,-7.83,0,0,0,0,0,0.2,0,0.2,0,0,0,0.2,-71,-72,-71,18.35,-21.77,-7.78,0,17.55,-21.43,-7.8,0,17.3,-21.48,-7.82,0,0,0,0,-91,20.23,-26.02,143.39,139.29,158.61,0.9,19.97,-23.27,142.09,137.96,159.41,0.89,19.52,-21.88,142.24,138.53,158.3,0.9,16.43,-16.07,1.89,4.42,100,-16.72,-0.99,-17.71,0.07,16.31,-19.93,2.25,5.27,100,-17.3,-0.69,-17.99,0.07,16.13,-20.87,1.95,5.02,100,-18.68,0.68,-18.23,0.07,16.35,-15.61,0.62,2.4,100,-16.97,-0.65,-17.61,0.03,16.22,-18.61,0.66,4.99,100,-17.69,-0.17,-17.86,0.04,16.06,-19.39,0.7,4.61,100,-18.58,0.73,-18.09,0.03,19.98,-17.74,223.03,218.26,1.4,1.39,17.9,0.58,251.29,0.89,19.73,-17.62,222.56,218.37,1.16,0.5,18.01,0.4,250.58,0.89,19.26,-16.53,222.87,217.57,1.03,0.37,18.26,0.81,251.03,0.89,20.09,-16.88,430.53,415.73,1.37,0.77,17.55,0.34,498.78,0.86,19.83,-17.33,430.36,420.69,1.44,1.26,17.65,0.34,498.2,0.86,19.38,-16.03,429.62,422.07,0.43,0.28,17.8,0.23,498.67,0.86,0,0,0,-73
ITJS,T11,KYW25CD00360006T,Pre_Proto_1,T03a-Awa,,ITJS-D24F-SMT01-CWB-04,Fail,12/19/2025 10:52,12/19/2025 10:57,V1.0.4.1,WIFI_TX-2412-HT20_MCS7-13,,V0.0.1,V0.0.1,,,,,3,3,3,0,0,0,0,0,0,0,0,0,0,0,0,0,0,0,0,0,15.48,-35.12,-7.85,0,14.68,-22.69,-7.86,0,14.36,-37.42,-7.88,0,15.3,-22.68,-8,0,14.46,-22.65,-8.03,0,14.24,-22.79,-8.09,0,0,0,0,-74,-75,-74,12.69,-14.65,-8.02,1.11,12.49,-34.77,-8.15,0,11.45,-35.03,-8.14,0,12.15,-33.58,-8.12,0,12.79,-32.64,-8.09,0,12.36,-33.56,-8.08,0,12.19,-31.88,-8.05,0,11.72,-31.83,-8.02,0,12.39,-33.01,-8,0,11.49,-30.77,-7.98,0,10.81,-33.03,-7.96,0,0,0,0,0.2,0,0,0,0,0,0,0,-71,-72,-71,18.53,-21.56,-7.47,0,17.55,-21.57,-7.49,0,17.51,-21.63,-7.51,0,0,0,0,-91,20.22,-25.74,143.43,133.58,158.43,0.91,19.97,-21.96,142.72,138.32,159.61,0.89,19.51,-20.71,142.44,139.01,158.97,0.9,16.43,-15.45,1.82,4,100,-16.13,-1.08,-17.21,0.07,16.32,-17.67,2.15,5.19,100,-17.06,-0.48,-17.54,0.07,16.08,-20.45,1.74,4.73,100,-18.14,0.56,-17.81,0.08,16.35,-15.48,0.62,2.82,100,-16.55,-0.74,-17.29,0.05,16.27,-19.5,0.66,4.95,100,-17.4,-0.12,-17.52,0.04,16.02,-20.99,0.7,4.62,100,-18.5,0.84,-17.83,0.05,19.98,-17.49,223.5,218.68,1.29,0.82,17.51,0.42,251.54,0.89,19.72,-17.34,223.07,217.64,1.09,0.71,17.91,0.63,251.12,0.89,19.26,-16.22,223.11,217.55,1.13,0.75,18.03,0.45,251.57,0.89,20.08,-16.49,431.77,418.47,0.88,1.05,17.39,0.37,499.76,0.86,19.83,-16.9,431.31,422.49,1.24,0.88,17.79,0.48,498.96,0.86,19.37,-15.97,430.99,423.05,0.63,0.29,17.93,0.46,499.65,0.86,0,0,0,-73
ITJS,T11,KYW25CD00360006T,Pre_Proto_1,T03a-Awa,,ITJS-D24F-SMT01-CWB-05,Pass,12/19/2025 11:14,12/19/2025 11:17,V1.0.4.1,,,V0.0.1,V0.0.1,,,,,3,3,3,0,0,0,0,0,0,0,0,0,0,0,0,0,0,0,0,0,15.37,-34.72,-6.87,0,14.61,-23.36,-6.89,0,14.66,-37.12,-6.92,0,14.8,-22.78,-6.94,0,14.22,-22.69,-6.96,0,14.17,-22.77,-6.98,0,0,0,0,-74,-75,-74,12.36,-13.78,-7,1.69,12.57,-34.31,-7.01,0,11.2,-34.78,-7.03,0,12.1,-33.6,-7.04,0,12.51,-33.05,-7.05,0,12.63,-31.35,-7.07,0,12.19,-31.75,-7.08,0,11.52,-31.9,-7.08,0,12.3,-33.43,-7.09,0,11.39,-31.27,-7.1,0,11.07,-33.12,-7.11,0,0.2,0,0.4,0.2,0,0,0,0,0,0.2,0,-71,-71,-71,18.52,-21.63,-7.08,0,17.77,-21.58,-7.1,0,17.49,-21.45,-7.12,0,0,0,0,-91,20.21,-25.88,142.28,134.32,158.22,0.9,19.94,-22.06,142.67,139.26,159.55,0.89,19.5,-20.43,142.17,138.73,159.37,0.89,16.45,-15.29,1.78,3.99,100,-15.81,-1.19,-17.01,0.06,16.3,-17.34,2.16,5.18,100,-16.62,-0.71,-17.33,0.07,16.09,-20.04,1.83,4.65,100,-18,0.62,-17.68,0.07,16.36,-13.54,0.62,2.79,100,-16.42,-0.69,-17.11,0.02,16.22,-18.33,0.66,2.81,100,-17.28,0.16,-17.4,0.03,16.02,-21.73,0.7,4.55,100,-18.18,0.8,-17.69,0.03,19.96,-17.29,223.49,217.82,1.35,0.73,17.41,0.71,251.13,0.89,19.7,-18.02,223.47,218.84,1.82,1.29,17.63,0.5,250.68,0.89,19.23,-16.37,223.57,218.75,0.97,0.76,18.03,0.69,251.32,0.89,20.06,-16.61,432.83,418.58,1.2,0.84,17.2,0.17,499.06,0.87,19.81,-17.08,432.12,422.76,1.45,1.39,17.51,0.41,498.73,0.87,19.35,-16.43,432.17,424.37,0.67,0.47,17.94,0.23,498.33,0.87,0,0,0,-73
ITJS,T11,KYW25CD00360006I,Pre_Proto_1,T03a-Awa,,ITJS-D24F-SMT01-CWB-06,Fail,12/19/2025 11:29,12/19/2025 11:32,V1.0.4.1,WIFI_TX-5180-HT20_MCS7-12,,V0.0.1,V0.0.1,,,,,3,3,3,0,0,0,0,0,0,0,0,0,0,0,0,0,0,0,0,0,15.42,-36.46,-7.6,0,14.96,-23.32,-7.62,0,14.63,-37.18,-7.63,0,14.87,-23.06,-7.65,0,14.35,-22.95,-7.66,0,14.05,-23.43,-7.68,0,0,0.2,0,-74,-75,-74,12.16,5.74,-4.1,4.44,12.36,-34.52,-7.68,0,11.27,-34.82,-7.69,0,12.34,-33.28,-7.7,0,12.5,-33.25,-7.71,0,12.6,-32.89,-7.72,0,11.96,-31.99,-7.73,0,11.66,-30.21,-7.74,0,12.25,-32.74,-7.74,0,11.03,-29.27,-7.76,0,10.73,-32.92,-7.77,0,0,0.2,0.2,0,0,0,0,0,0.2,0,0.4,-71,-72,-71,18.31,-21.52,-7.76,0,17.76,-21.63,-7.78,0,17.51,-21.52,-7.8,0,0,0,0,-90,20.21,-27.61,143.01,136.59,157.53,0.91,19.95,-24.14,143.09,136.18,158.4,0.9,19.51,-22.58,141.96,138.85,158.53,0.9,16.43,-15.81,1.78,5.05,100,-17.36,-1.01,-18.37,0.07,16.32,-19.55,2.12,5.05,100,-18.01,-0.58,-18.59,0.07,16.12,-20.97,1.75,4.67,100,-19.29,0.67,-18.91,0.07,16.35,-15.53,0.62,2.55,100,-17.52,-0.71,-18.23,0.05,16.26,-18.62,0.67,4.06,100,-18.53,0.3,-18.5,0.05,16.05,-20.2,0.7,5.17,100,-19.26,0.76,-18.71,0.04,19.96,-18.15,223.48,217.99,1.16,0.94,18.39,0.52,251.53,0.89,19.71,-18.98,223.16,218.7,1.85,1.44,18.57,0.48,251.16,0.89,19.27,-17.13,223.44,218.21,0.84,0.62,18.67,0.42,251.59,0.89,20.05,-17.65,431.75,418.41,1.45,1.35,17.92,0.27,499.75,0.86,19.81,-17.46,431.22,423.12,1.15,0.84,18.27,0.44,499.16,0.86,19.38,-17,430.97,422.39,0.48,0.17,18.32,0.3,499.23,0.86,0,0,0,-73
ITJS,T11,KYW25CD00360006I,Pre_Proto_1,T03a-Awa,,ITJS-D24F-SMT01-CWB-01,Fail,12/19/2025 11:33,12/19/2025 11:37,V1.0.4.1,WIFI_TX-5180-HT20_MCS7-12,,V0.0.1,V0.0.1,,,,,3,3,3,0,0,0,0,0,0,0,0,0,0,0,0,0,0,0,0,0,15.54,-34.46,-7.88,0,14.73,-23.07,-7.89,0,14.39,-37.9,-7.91,0,14.97,-33.96,-7.92,0,14.07,-35.07,-7.95,0,14.14,-36,-7.96,0,0,0,0,-74,-75,-74,12.5,14.2,-7.3,2.38,12.61,-34.67,-7.96,0,11.18,-35.05,-7.97,0,12.06,-33.38,-7.98,0,12.59,-32.77,-7.99,0,12.67,-23.17,-8,0,12.26,-31.31,-8.01,0,11.66,-32.06,-8.02,0,12.42,-32.78,-8.02,0,11.24,-29.99,-8.03,0,10.88,-32.89,-8.04,0,0.2,0,0.2,0,0.2,0,0,0,0,0,0,-71,-72,-71,18.32,-21.64,-8.02,0,17.78,-21.64,-8.04,0,17.51,-21.54,-8.05,0,0,0,0.5,-91,20.18,-24.35,143.42,137.05,159.14,0.9,19.93,-24.39,142.64,139,158.27,0.9,19.49,-21.96,142.1,133.85,158.95,0.89,16.36,-17.1,1.93,4.59,100,-17.78,-0.89,-18.68,0.07,16.26,-19.36,2.23,5.92,100,-18.35,-0.62,-18.97,0.08,16.09,-22.48,1.9,4.84,100,-19.59,0.61,-19.24,0.08,16.27,-16.99,0.59,2.38,100,-17.97,-0.57,-18.54,0.04,16.18,-20.72,0.66,4.9,100,-18.9,0.28,-18.84,0.03,16.01,-21.38,0.72,4.86,100,-19.87,0.99,-19.07,0.04,19.94,-18.84,222.89,218.16,1.5,1.24,18.69,0.38,251.3,0.89,19.68,-17.97,222.57,217.83,0.51,0.16,18.98,0.41,250.99,0.89,19.25,-17.46,222.74,216.2,1.18,0.7,19.33,0.81,251.27,0.89,20.03,-17.75,430.31,416.66,1.4,0.62,18.43,0.62,498.94,0.86,19.79,-17.99,430.36,421.76,1.3,1.17,18.53,0.51,498.73,0.86,19.36,-17.61,429.66,422.52,1.04,0.63,18.91,0.65,498.87,0.86,0,0,0,-73
ITJS,T11,KYW25CD00360006I,Pre_Proto_1,T03a-Awa,,ITJS-D24F-SMT01-CWB-02,Pass,12/19/2025 11:38,12/19/2025 11:41,V1.0.4.1,,,V0.0.1,V0.0.1,,,,,3,3,3,0,0,0,0,0,0,0,0,0,0,0,0,0,0,0,0,0,15.58,-34.92,-7.91,0,14.92,-23.65,-7.93,0,14.67,-37.29,-7.94,0,15.02,-23.05,-7.96,0,14.39,-22.97,-7.97,0,14.13,-23.34,-7.98,0,0,0,0,-75,-75,-74,12.26,-14.24,-7.98,1.71,12.74,-33.58,-7.99,0,11.56,-34.45,-8,0,12.42,-33.87,-8.01,0,12.57,-33.06,-8.02,0,12.71,-32.41,-8.04,0,12.06,-32.25,-8.05,0,11.78,-31.55,-8.05,0,12.67,-32.43,-8.06,0,11.19,-29.94,-8.07,0,11.18,-32.67,-8.08,0,0.4,0,0,0.2,0.2,0,0.2,0,1.6,0,0,-71,-72,-71,18.51,-21.55,-8.07,0,17.75,-21.56,-8.09,0,17.47,-21.46,-8.1,0,0,0.5,0,-91,20.19,-28.27,143.26,136.02,158.41,0.9,19.93,-24.42,141.68,137.29,158.81,0.89,19.49,-23.17,141.96,138.05,158.59,0.9,16.42,-17.78,1.82,4.16,100,-17.92,-0.98,-18.9,0.06,16.26,-20.38,2.22,6.23,100,-18.64,-0.55,-19.19,0.07,16.11,-22.34,1.87,5.14,100,-19.86,0.67,-19.45,0.07,16.36,-16.73,0.6,2.1,100,-18.23,-0.55,-18.78,0.05,16.2,-20.82,0.66,4.74,100,-19.1,0.27,-19.04,0.06,16.83,-22.12,0.7,5.46,100,-19.69,0.57,-19.29,0.05,19.95,-19.14,222.28,217.37,1.59,1.36,18.8,0.56,251.49,0.88,19.69,-19.72,222.05,216.75,2,1.57,19.22,0.65,250.99,0.88,19.25,-17.95,222.57,218.19,0.78,0.43,19.42,0.34,251.56,0.88,20.05,-18.16,429.79,415.79,1.44,1.32,18.71,0.58,499.61,0.86,19.8,-17.66,429.45,419.9,0.89,0.47,18.88,0.41,498.86,0.86,19.37,-17.52,429.26,419.39,0.53,0.16,19.04,0.62,499.21,0.86,0,0,0,-73
ITJS,T11,KYW25CD00360006D,Pre_Proto_1,T03a-Awa,,ITJS-D24F-SMT01-CWB-03,Fail,12/19/2025 11:56:09 AM,12/19/2025 11:59:33 AM,V1.0.4.1,WIFI_TX-2412-OFDM-54M-14,,V0.0.1,V0.0.1,,,,,5,5,5,0,0,0,0,0,0,0,0,0,0,0,0,0,0,0,0,0,17.47,-35.59,-7.82,0,16.82,-23.91,-7.83,0,16.53,-36.54,-7.85,0,17.13,-34.03,-7.86,0,16.45,-34.54,-7.88,0,16.13,-36.32,-7.9,0,0,0,0,-75,-77,-76,14.53,-15.34,-7.88,40.62,14.56,-34.49,-7.89,0,13.27,-34.84,-7.9,0,14.38,-33.12,-7.91,0,14.69,-32.46,-7.92,0,14.54,-30.14,-7.94,0,14.13,-31.69,-7.95,0,13.77,-31.19,-7.96,0,14.44,-32.19,-7.96,0,13.2,-28.99,-7.97,0,13.24,-31.99,-7.98,0,0,0,0,0,0,0,0,0,0,0,0,-72,-73,-73,20.54,-21.88,-7.98,0,19.53,-21.58,-8,0,19.47,-21.79,-8.01,0,0,0,0,-92,22.15,-28.24,143.22,137.99,158.24,0.91,21.88,-24.55,141.98,138.4,159.11,0.89,21.47,-23.17,142.22,138.37,158.44,0.9,18.38,-16.59,1.85,4.27,100,-17.71,-1.15,-18.86,0.07,18.27,-19.73,2.25,5.7,100,-18.74,-0.4,-19.14,0.07,18.11,-22.35,1.94,5.15,100,-19.77,0.64,-19.41,0.07,19.07,-15.49,0.62,2.95,100,-17.9,-0.85,-18.75,0.03,18.19,-20.2,0.68,3.94,100,-18.92,0.16,-18.98,0.03,18.81,-22.6,0.73,6.56,100,-19.67,0.68,-19.23,0.03,21.91,-18.76,222.89,217.51,1.38,1.14,18.81,0.64,251.36,0.89,21.65,-18.95,222.33,217.45,1.25,0.77,18.98,0.56,250.88,0.89,21.22,-17.72,222.85,217.12,0.86,0.48,19.27,0.42,251.27,0.89,22.01,-17.88,430.85,417.27,1.21,1.16,18.41,0.28,498.88,0.86,21.77,-18.27,430.11,421.44,1.35,1.49,18.53,0.15,498.6,0.86,21.33,-17.69,429.84,420.26,0.75,0.02,19,0.52,498.34,0.86,0,0,0,-73
ITJS,T11,KYW25CD00360006D,Pre_Proto_1,T03a-Awa,,ITJS-D24F-SMT01-CWB-04,Fail,12/19/2025 12:01:53 PM,12/19/2025 12:05:27 PM,V1.0.4.1,WIFI_TX-2412-OFDM-54M-14,,V0.0.1,V0.0.1,,,,,5,5,5,0,0,0,0,0,0,0,0,0,0,0,0,0,0,0,0,0,17.6,-34.39,-7.92,0,16.72,-23.02,-7.93,0,16.55,-36.77,-7.95,0,17.01,-33.5,-7.97,0,16.15,-34.64,-7.98,0,16.18,-36.74,-8,0,0,0,0,-75,-77,-76,14.08,-12.31,-7.99,3.34,14.88,-33.58,-8,0,13.18,-35.08,-8.01,0,14.31,-33.31,-8.02,0,14.78,-32.36,-8.03,0,14.68,-31.64,-8.04,0,14.22,-31.62,-8.05,0,13.62,-32.31,-8.06,0,14.42,-33.02,-8.06,0,13.21,-30.75,-8.07,0,12.95,-33.22,-8.08,0,0,0,0,0,0,0,0,0,0,0,0,-73,-73,-73,20.72,-21.57,-8.07,0,19.74,-21.52,-8.1,0,19.7,-21.62,-8.11,0,0,0,0,-92,22.15,-27.91,143.01,138.3,158.47,0.9,21.88,-24.3,142.57,138.78,159.74,0.89,21.46,-23.16,142.16,138.55,158.98,0.89,18.42,-15.92,1.9,5.41,100,-17.58,-1.12,-18.69,0.07,18.25,-20.42,2.28,5.3,100,-18.39,-0.56,-18.95,0.07,18.06,-21.46,2,4.97,100,-19.34,0.31,-19.21,0.07,18.37,-16.39,0.62,2.25,100,-17.99,-0.61,-18.59,0.06,18.22,-19.68,0.66,3.66,100,-18.68,-0.2,-18.88,0.06,18.02,-21.64,0.68,4.55,100,-19.67,0.79,-19.12,0.06,21.92,-18.44,221.56,215.7,1.05,0.66,18.69,0.47,251.94,0.88,21.67,-19.68,221.3,216.46,2.14,2,18.9,0.53,251.21,0.88,21.23,-17.66,221.47,216.38,0.81,0.79,19.17,0.67,251.54,0.88,22.03,-18.03,427.53,415.23,1.48,1.26,18.56,0.57,499.87,0.86,21.78,-18.27,427.6,417.5,1.41,0.82,18.77,0.24,499.62,0.86,21.35,-17.72,427.14,418.97,0.52,0.99,18.93,0.84,499.56,0.86,0,0,0,-73
ITJS,T11,KYW25CD00360006D,Pre_Proto_1,T03a-Awa,,ITJS-D24F-SMT01-CWB-05,Fail,12/19/2025 1:09:19 PM,12/19/2025 1:12:50 PM,V1.0.4.1,WIFI_TX-2412-OFDM-54M-14,,V0.0.1,V0.0.1,,,,,5,5,5,0,0,0,0,0,0,0,0,0,0,0,0,0,0,0,0,0,17.36,-36.6,-6.56,0,16.71,-23.43,-6.57,0,16.56,-37.9,-6.59,0,17.12,-22.97,-6.61,0,16.35,-23.08,-6.63,0,16.04,-22.97,-6.65,0,0,0,0,-75,-77,-76,14.49,-30.91,-6.67,0,14.8,-33.59,-6.68,0,13.42,-34.18,-6.7,0,14.35,-32.71,-6.71,0,14.96,-31.39,-6.72,0,14.53,-32.17,-6.74,0,14.61,-30.52,-6.75,0,14.11,-30.19,-6.75,0,15,-31.77,-6.76,0,13.92,-29.17,-6.77,0,13.66,-31.98,-6.78,0,0,0,0,0,0,0,0,0.2,0,0,0,-73,-73,-73,20.38,-21.53,-6.78,0,19.62,-21.8,-6.81,0,19.32,-21.48,-6.82,0,0,0,0,-92,22.7,-23.93,144.04,133.75,159.02,0.91,22.48,-24.71,143.23,139.39,160.49,0.89,22.1,-19.88,142.35,140.11,159.22,0.89,18.46,-16.11,2.2,6.3,100,-14.81,-0.96,-15.78,0.07,18.28,-20.17,1.94,5.37,100,-15.6,-0.42,-16.02,0.06,18.16,-20.26,1.63,3.6,100,-16.98,0.97,-16.28,0.07,18.42,-16.64,0.62,5.32,100,-15.43,-0.26,-15.7,0.08,18.26,-20.12,0.66,5.75,100,-15.95,0.25,-15.96,0.08,18.15,-20.49,0.73,5.5,100,-16.89,1.01,-16.15,0.09,22.44,-16.87,223.39,217.95,2.42,1.87,15.84,0.56,250.05,0.89,22.22,-15.24,223.88,218.71,0.63,0.31,16.1,0.61,248.58,0.9,21.82,-14.55,223.94,218.88,1.1,0.13,16.34,0.54,249.7,0.9,22.55,-16.71,431.79,413.79,3.04,3,15.58,0.43,499.13,0.87,22.34,-14.4,431.8,422.76,0.79,0.45,16.01,0.52,497.88,0.87,21.95,-13.36,431.72,426.31,1.03,0.83,15.74,0.26,498.24,0.87,0,0,0,-73
ITJS,T11,KYW25CD00360006K,Pre_Proto_1,T03a-Awa,,ITJS-D24F-SMT01-CWB-06,Pass,12/19/2025 11:22:12 AM,12/19/2025 11:25:50 AM,V1.0.4.2,,,V0.0.1,V0.0.1,,,,,3,3,3,0,0,0,0,0,0,0,0,0,0,0,0,0,0,0,0,0,15.52,-35.56,-7.55,0,14.73,-23.59,-7.57,0,14.41,-36.92,-7.59,0,14.91,-32.71,-7.6,0,14.15,-33.09,-7.61,0,14.16,-34.77,-7.63,0,0,0,0.2,-74,-75,-74,12.46,-16.57,-7.63,39.9,12.84,-33.7,-7.64,0,11.43,-34.77,-7.66,0,12.34,-33.59,-7.67,0,12.74,-32.8,-7.68,0,12.57,-31.79,-7.7,0,12.07,-31.23,-7.71,0,11.68,-31.58,-7.71,0,12.47,-32.68,-7.72,0,11.18,-31.24,-7.73,0,11.28,-32.9,-7.74,0,0,0,0.4,0,0.6,0,0,0,0.2,0,0,-71,-71,-71,18.34,-21.64,-7.74,0,17.55,-21.71,-7.76,0,17.51,-21.52,-7.78,0,0,0,0,-91,20.2,-27.52,143.3,135.14,158.59,0.9,19.94,-23.91,142.47,139,159.07,0.9,19.49,-21.96,143.01,137.09,158.52,0.9,16.43,-15.93,1.76,3.85,100,-16.95,-1.28,-18.23,0.07,16.33,-19.22,2.09,5.7,100,-17.86,-0.64,-18.5,0.07,16.11,-21.05,1.77,4.24,100,-19.24,0.75,-18.73,0.08,16.36,-14.74,0.62,2.42,100,-17.38,-0.74,-18.12,0.05,16.27,-18.25,0.67,4.25,100,-18.35,0.23,-18.27,0.04,16.04,-21.35,0.71,5.22,100,-18.9,0.57,-18.56,0.04,19.95,-18.09,223.64,218.5,1.2,0.74,18.23,0.44,251.44,0.89,19.7,-18.44,223.19,217.64,1.46,1.23,18.34,0.42,250.97,0.89,19.27,-17,223.5,217.32,1.05,0.41,18.74,0.78,251.66,0.89,20.05,-17.35,431.89,418.64,1.27,0.91,17.93,0.39,499.66,0.86,19.82,-17.49,431.46,423.27,1.32,0.99,18.12,0.3,499.12,0.86,19.38,-16.4,430.67,423.06,0.62,0.18,18.36,0.35,499.19,0.86,0,0,0,-73
